date,pair,open,high,low,close,year
2025-09-26,USDKES,154.3867,154.4459,154.226,154.42130067753257,2025
2024-12-27,USDKES,147.675,147.9532,147.2174,147.79820243582787,2024
2024-08-02,USDNGN,1019.0611,1023.4608,1015.8147,1018.7843788385729,2024
2023-11-09,USDNGN,716.908,718.9939,715.1638,717.1243564193138,2023
2025-08-18,USDKES,149.333,149.5748,149.1234,149.45637415405463,2025
2024-08-20,USDZAR,19.7955,19.8253,19.7913,19.797927963107625,2024
2025-12-29,USDEGP,59.2046,59.3099,59.1402,59.19677581109898,2025
2024-08-07,USDZAR,19.4923,19.5476,19.4693,19.469505734291875,2024
2024-11-06,USD/NGN,1157.8463,1159.5471,1155.8142,1157.9485110682087,2024
2024-07-11,USDNGN,1028.692,1031.148,1028.0875,1029.0686252026223,2024
2024-07-03,USDKES,149.9302,149.9811,149.6198,149.73094072345785,2024
2024-03-20,USDEGP,34.6791,34.8283,34.6095,34.71887826763172,2024
2023-12-20,USDZAR,16.5098,16.5777,16.4631,16.54597693566352,2023
2023-12-08,USDKES,149.1485,149.6349,148.4753,148.9960417057815,2023
2023-08-24,USDZAR,16.5355,16.5423,16.4745,16.530795540506798,2023
2023-03-07,USDNGN,583.5369,584.0211,583.2539,583.6518221834943,2023
2023-09-01,USDNGN,603.1488,603.593,602.6299,602.7218064775735,2023
2024-10-04,USDKES,149.384,149.4421,149.1271,149.43818382803374,2024
2025-08-12,USDEGP,56.4029,56.4163,56.334,56.3551461885279,2025
2025-01-28,USDEGP,46.0068,46.1734,45.7889,45.948967032218434,2025
2023-01-31,USDEGP,31.974,32.1492,31.9236,32.011564043918625,2023
2023-09-25,USDKES,152.5637,152.782,152.3243,152.368412946539,2023
2023-09-05,USDKES,147.6081,147.7308,147.2098,147.56782086274555,2023
2024-01-26,USDEGP,34.6404,34.7517,34.6139,34.67315901158279,2024
2025-11-18,USDZAR,24.8788,24.8879,24.8472,24.853842971107575,2025
2023-04-06,USDEGP,34.1332,34.1737,34.1,34.14546130876902,2023
2025-05-06,USDNGN,1451.9961,1453.7665,1449.9441,1453.10689023617,2025
2025-01-22,USDNGN,1403.68,1404.1125,1399.6116,1402.05323421437,2025
2024-05-03,USDEGP,37.0922,37.2001,37.0102,37.1415,2024
2023-10-25,USDZAR,16.761,16.7702,16.7354,16.745583677848753,2023
2023-12-14,USDNGN,798.6311,799.239,795.6083,796.7487899685168,2023
2025-06-19,USDNGN,1481.1184,1486.0118,1477.4203,1482.2663461111792,2025
2024-05-23,USDNGN,927.457,927.9082,927.2279,927.8814883055321,2024
2025-11-18,USDNGN,1628.5493,1629.1431,1624.9345,1627.1004124284693,2025
2023-08-15,USDKES,146.0288,146.5582,145.8238,146.25301971540736,2023
2025-01-10,USDNGN,1300.6724,1301.0989,1297.7022,1300.9707787779414,2025
2025-10-27,USDKES,147.55,147.8271,147.3942,147.73132657945007,2025
2023-06-16,USDKES,132.2315,132.2739,131.9765,132.07288839653563,2023
2025-02-05,USDEGP,45.8481,45.9661,45.8368,45.85529716739496,2025
2024-08-19,USDKES,143.3535,143.942,143.0211,143.3266236245932,2024
2024-10-07,USDEGP,39.5235,39.6135,39.4614,39.50982979102022,2024
2024-10-30,USDEGP,40.5717,40.6079,40.5123,40.600825127901764,2024
2025-03-24,USDNGN,1501.8135,1504.0704,1499.3809,1501.4548990812468,2025
2023-04-13,USDZAR,18.8229,18.8589,18.8167,18.837541319933756,2023
2024-07-25,USDNGN,1034.9775,1036.2764,1032.2026,1036.19993076284,2024
2025-11-06,USDEGP,58.9854,59.0563,58.8825,58.98149854145471,2025
2025-07-16,USDZAR,26.3908,26.446,26.3482,26.4054,2025
2025-03-25,USDEGP,53.244,53.2949,53.0515,53.15622290354208,2025
2025-01-06,USDEGP,41.7375,41.782,41.619,41.68194802717823,2025
2023-03-21,USDKES,140.2559,140.507,140.061,140.12649824482546,2023
2023-09-27,USDZAR,17.4064,17.4378,17.3391,17.416899423292893,2023
2023-03-20,USDKES,139.6637,139.8529,139.5842,139.77494801480213,2023
2023-05-22,USDNGN,561.4599,562.925,560.2615,562.3367090043039,2023
2025-04-22,USDKES,143.5731,143.6382,143.3468,143.51622958187235,2025
2023-04-25,USDEGP,33.0989,33.1897,32.9783,33.12206313519984,2023
2024-11-13,USDKES,151.8262,152.1558,151.1329,151.7308419896259,2024
2025-04-09,USDZAR,26.7939,26.8437,26.7713,26.785851448261205,2025
2023-07-07,USDEGP,30.8562,30.915,30.7489,30.83487577498799,2023
2025-12-12,USDNGN,1783.0867,1784.998,1775.1458,1782.329559557581,2025
2023-11-20,USDZAR,16.655,16.6801,16.6257,16.64265763307418,2023
2023-07-12,USDEGP,31.0622,31.1423,31.0331,31.048100830919406,2023
2024-01-19,USDNGN,785.1078,787.0474,784.3768,785.3471317853044,2024
2025-06-10,USD/EGP,56.7605,57.0136,56.6534,56.67668599466971,2025
2025-02-19,USDKES,153.4659,153.9631,152.6969,153.3907,2025
2024-05-27,USDKES,147.1522,147.3271,147.0662,147.16413555791735,2024
2025-06-20,USDZAR,26.2989,26.3714,26.2253,26.319247868436925,2025
2023-07-14,USDEGP,31.3344,31.3932,31.2833,31.30817139820373,2023
2024-12-04,USDZAR,23.4365,23.4826,23.4188,23.432206234107237,2024
2025-12-05,USD/EGP,59.2053,59.2148,59.0302,59.17101035236836,2025
2023-08-09,USDNGN,619.302,619.8512,618.0957,619.0979,2023
2024-10-15,USDZAR,20.3434,20.3882,20.3058,20.355372788790024,2024
2023-12-05,USD/EGP,32.4236,32.5227,32.2531,32.41220785972957,2023
2024-04-22,USDEGP,36.0965,36.1174,35.9808,36.084694335234495,2024
2023-09-05,USDNGN,607.9617,608.3734,606.7882,608.0467921053656,2023
2024-06-28,USDZAR,19.3339,19.3517,19.3075,19.33096385637795,2024
2023-10-11,USDNGN,690.9913,691.3666,689.7068,690.4309111994362,2023
2024-07-12,USDZAR,19.7866,19.8308,19.7126,19.78198358180208,2024
2024-04-16,USDKES,143.0604,143.2201,142.8599,143.20755300253282,2024
2025-10-02,USDNGN,1509.5547,1516.9034,1507.7668,1510.9065243548498,2025
2025-03-11,USDEGP,52.925,53.0304,52.8569,52.94292951991163,2025
2023-11-16,USDZAR,15.9381,15.9958,15.9246,15.936344737609323,2023
2025-04-16,USDNGN,1484.8197,1489.2587,1482.7436,1484.224426378953,2025
2025-12-11,USDKES,139.0617,139.5909,138.6585,138.8352811771587,2025
2023-05-08,USDKES,136.9632,137.3878,136.7959,136.86445998184877,2023
2023-07-31,USDEGP,31.8404,31.8683,31.7487,31.8215014851402,2023
2024-09-19,USDKES,148.6947,148.8343,148.4202,148.53504668108076,2024
2025-03-17,USDZAR,23.7472,23.7932,23.6598,23.759021808473193,2025
2024-12-25,USDEGP,43.0712,43.0996,42.9943,43.023380171972164,2024
2023-02-02,USDZAR,16.5063,16.5185,16.4985,16.50804510003446,2023
2025-11-12,USDKES,149.0344,149.5267,149.0099,149.1958734829869,2025
2025-05-23,USDKES,143.9978,144.393,143.7063,144.0364491013519,2025
2023-02-27,USDKES,129.12,129.5828,128.9458,129.28685750721786,2023
2023-10-30,USDNGN,697.8608,698.7519,697.3833,697.5902667801149,2023
2023-11-15,USDEGP,31.0359,31.1143,31.0184,31.0317,2023
2024-02-13,USDEGP,35.2679,35.3343,35.2066,35.31594210261383,2024
2025-03-21,USDKES,146.0625,146.4009,145.8242,145.89981335972382,2025
2023-09-28,USDZAR,17.4476,17.5056,17.4415,17.45085738424423,2023
2025-11-21,USDNGN,1741.4393,1746.3898,1739.2435,1739.8490718805201,2025
2023-04-12,USDNGN,572.5228,574.0149,572.1739,572.8221950597979,2023
2025-07-08,USDKES,150.4336,150.4827,149.9581,150.30618971528423,2025
2025-08-11,USDNGN,1547.0626,1548.6265,1545.4963,1547.2648196891626,2025
2024-08-09,USDZAR,19.7776,19.7813,19.7711,19.771518987033225,2024
2024-07-04,USDZAR,19.0925,19.1301,19.0426,19.12002510312179,2024
2024-07-09,USDKES,149.1017,149.3867,148.7325,149.18701151912265,2024
2024-05-14,USDKES,144.7756,144.9387,144.6656,144.7980742169948,2024
2024-04-18,USDKES,143.9765,144.1833,143.5037,143.85066153565796,2024
2023-04-03,USDZAR,18.311,18.3324,18.2162,18.32375999273504,2023
2025-11-04,USDZAR,25.7938,25.8321,25.715,25.758134927912213,2025
